subject_id	subject_label	predicate_id	object_id	object_label	confidence	mapping_justification	date	creator_id	subject_source_version	object_source_version
CO_320:0000004	grain length	skos:exactMatch	TO:0000734	grain length	1	sssom:HumanCuration	04/05/2018	orcid:0000-0002-6379-8932|orcid:0000-0002-8461-9745	https://raw.githubusercontent.com/Planteome/CO_320-rice-traits/71090cc35c45e1b4b628c9256f2ab54949409b77/Rice_TD.csv	http://purl.obolibrary.org/obo/to/releases/2018-03-09/to.owl
CO_320:0000005	grain width	skos:exactMatch	TO:0000402	dehulled grain width	1	sssom:HumanCuration	04/05/2018	orcid:0000-0002-6379-8932|orcid:0000-0002-8461-9745	https://raw.githubusercontent.com/Planteome/CO_320-rice-traits/71090cc35c45e1b4b628c9256f2ab54949409b77/Rice_TD.csv	http://purl.obolibrary.org/obo/to/releases/2018-03-09/to.owl
CO_320:0000006	leaf blade color	skos:exactMatch	TO:0000299	leaf lamina color	1	sssom:HumanCuration	04/05/2018	orcid:0000-0002-6379-8932|orcid:0000-0002-8461-9745	https://raw.githubusercontent.com/Planteome/CO_320-rice-traits/71090cc35c45e1b4b628c9256f2ab54949409b77/Rice_TD.csv	http://purl.obolibrary.org/obo/to/releases/2018-03-09/to.owl
CO_320:0000009	panicle number	skos:exactMatch	TO:0000152	panicle number	1	sssom:HumanCuration	04/05/2018	orcid:0000-0002-6379-8932|orcid:0000-0002-8461-9745	https://raw.githubusercontent.com/Planteome/CO_320-rice-traits/71090cc35c45e1b4b628c9256f2ab54949409b77/Rice_TD.csv	http://purl.obolibrary.org/obo/to/releases/2018-03-09/to.owl
CO_320:0000011	leaf length	skos:exactMatch	TO:0000135	leaf length	1	sssom:HumanCuration	04/05/2018	orcid:0000-0002-6379-8932|orcid:0000-0002-8461-9745	https://raw.githubusercontent.com/Planteome/CO_320-rice-traits/71090cc35c45e1b4b628c9256f2ab54949409b77/Rice_TD.csv	http://purl.obolibrary.org/obo/to/releases/2018-03-09/to.owl
CO_320:0000013	leaf blade pubescence	skos:exactMatch	TO:0000055	leaf lamina pubescence	1	sssom:HumanCuration	04/05/2018	orcid:0000-0002-6379-8932|orcid:0000-0002-8461-9745	https://raw.githubusercontent.com/Planteome/CO_320-rice-traits/71090cc35c45e1b4b628c9256f2ab54949409b77/Rice_TD.csv	http://purl.obolibrary.org/obo/to/releases/2018-03-09/to.owl
CO_320:0000014	leaf angle	skos:exactMatch	TO:0000206	leaf angle	1	sssom:HumanCuration	04/05/2018	orcid:0000-0002-6379-8932|orcid:0000-0002-8461-9745	https://raw.githubusercontent.com/Planteome/CO_320-rice-traits/71090cc35c45e1b4b628c9256f2ab54949409b77/Rice_TD.csv	http://purl.obolibrary.org/obo/to/releases/2018-03-09/to.owl
CO_320:0000015	awning	skos:broadMatch	TO:0002718	awn morphology trait	1	sssom:HumanCuration	04/05/2018	orcid:0000-0002-6379-8932|orcid:0000-0002-8461-9745	https://raw.githubusercontent.com/Planteome/CO_320-rice-traits/71090cc35c45e1b4b628c9256f2ab54949409b77/Rice_TD.csv	http://purl.obolibrary.org/obo/to/releases/2018-03-09/to.owl
CO_320:0000016	culm internode anthocyanin	skos:broadMatch	TO:0000071	anthocyanin content	1	sssom:HumanCuration	04/05/2018	orcid:0000-0002-6379-8932|orcid:0000-0002-8461-9745	https://raw.githubusercontent.com/Planteome/CO_320-rice-traits/71090cc35c45e1b4b628c9256f2ab54949409b77/Rice_TD.csv	http://purl.obolibrary.org/obo/to/releases/2018-03-09/to.owl
CO_320:0000017	flag leaf angle	skos:exactMatch	TO:0000124	flag leaf angle	1	sssom:HumanCuration	04/05/2018	orcid:0000-0002-6379-8932|orcid:0000-0002-8461-9745	https://raw.githubusercontent.com/Planteome/CO_320-rice-traits/71090cc35c45e1b4b628c9256f2ab54949409b77/Rice_TD.csv	http://purl.obolibrary.org/obo/to/releases/2018-03-09/to.owl
CO_320:0000018	panicle type	skos:exactMatch	TO:0000089	panicle type	1	sssom:HumanCuration	04/05/2018	orcid:0000-0002-6379-8932|orcid:0000-0002-8461-9745	https://raw.githubusercontent.com/Planteome/CO_320-rice-traits/71090cc35c45e1b4b628c9256f2ab54949409b77/Rice_TD.csv	http://purl.obolibrary.org/obo/to/releases/2018-03-09/to.owl
CO_320:0000020	grain thickness	skos:exactMatch	TO:0000399	grain thickness	1	sssom:HumanCuration	04/05/2018	orcid:0000-0002-6379-8932|orcid:0000-0002-8461-9745	https://raw.githubusercontent.com/Planteome/CO_320-rice-traits/71090cc35c45e1b4b628c9256f2ab54949409b77/Rice_TD.csv	http://purl.obolibrary.org/obo/to/releases/2018-03-09/to.owl
CO_320:0000021	leaf width	skos:exactMatch	TO:0000370	leaf width	1	sssom:HumanCuration	04/05/2018	orcid:0000-0002-6379-8932|orcid:0000-0002-8461-9745	https://raw.githubusercontent.com/Planteome/CO_320-rice-traits/71090cc35c45e1b4b628c9256f2ab54949409b77/Rice_TD.csv	http://purl.obolibrary.org/obo/to/releases/2018-03-09/to.owl
CO_320:0000023	basal leaf sheath color	skos:exactMatch	TO:0000367	basal leaf sheath color	1	sssom:HumanCuration	04/05/2018	orcid:0000-0002-6379-8932|orcid:0000-0002-8461-9745	https://raw.githubusercontent.com/Planteome/CO_320-rice-traits/71090cc35c45e1b4b628c9256f2ab54949409b77/Rice_TD.csv	http://purl.obolibrary.org/obo/to/releases/2018-03-09/to.owl
CO_320:0000025	ligule length	skos:exactMatch	TO:0000024	ligule length	1	sssom:HumanCuration	04/05/2018	orcid:0000-0002-6379-8932|orcid:0000-0002-8461-9745	https://raw.githubusercontent.com/Planteome/CO_320-rice-traits/71090cc35c45e1b4b628c9256f2ab54949409b77/Rice_TD.csv	http://purl.obolibrary.org/obo/to/releases/2018-03-09/to.owl
CO_320:0000026	ligule color	skos:exactMatch	TO:0000197	ligule color	1	sssom:HumanCuration	04/05/2018	orcid:0000-0002-6379-8932|orcid:0000-0002-8461-9745	https://raw.githubusercontent.com/Planteome/CO_320-rice-traits/71090cc35c45e1b4b628c9256f2ab54949409b77/Rice_TD.csv	http://purl.obolibrary.org/obo/to/releases/2018-03-09/to.owl
CO_320:0000027	ligule shape	skos:exactMatch	TO:0000335	ligule shape	1	sssom:HumanCuration	04/05/2018	orcid:0000-0002-6379-8932|orcid:0000-0002-8461-9745	https://raw.githubusercontent.com/Planteome/CO_320-rice-traits/71090cc35c45e1b4b628c9256f2ab54949409b77/Rice_TD.csv	http://purl.obolibrary.org/obo/to/releases/2018-03-09/to.owl
CO_320:0000028	collar color	skos:exactMatch	TO:0000364	leaf collar color	1	sssom:HumanCuration	04/05/2018	orcid:0000-0002-6379-8932|orcid:0000-0002-8461-9745	https://raw.githubusercontent.com/Planteome/CO_320-rice-traits/71090cc35c45e1b4b628c9256f2ab54949409b77/Rice_TD.csv	http://purl.obolibrary.org/obo/to/releases/2018-03-09/to.owl
CO_320:0000029	auricle color	skos:exactMatch	TO:0000294	leaf sheath auricle color	1	sssom:HumanCuration	04/05/2018	orcid:0000-0002-6379-8932|orcid:0000-0002-8461-9745	https://raw.githubusercontent.com/Planteome/CO_320-rice-traits/71090cc35c45e1b4b628c9256f2ab54949409b77/Rice_TD.csv	http://purl.obolibrary.org/obo/to/releases/2018-03-09/to.owl
CO_320:0000030	culm length	skos:exactMatch	TO:0000576	stem length	1	sssom:HumanCuration	04/05/2018	orcid:0000-0002-6379-8932|orcid:0000-0002-8461-9745	https://raw.githubusercontent.com/Planteome/CO_320-rice-traits/71090cc35c45e1b4b628c9256f2ab54949409b77/Rice_TD.csv	http://purl.obolibrary.org/obo/to/releases/2018-03-09/to.owl
CO_320:0000031	culm angle	skos:exactMatch	TO:0000427	culm angle	1	sssom:HumanCuration	04/05/2018	orcid:0000-0002-6379-8932|orcid:0000-0002-8461-9745	https://raw.githubusercontent.com/Planteome/CO_320-rice-traits/71090cc35c45e1b4b628c9256f2ab54949409b77/Rice_TD.csv	http://purl.obolibrary.org/obo/to/releases/2018-03-09/to.owl
CO_320:0000033	panicle length	skos:exactMatch	TO:0000040	panicle length	1	sssom:HumanCuration	04/05/2018	orcid:0000-0002-6379-8932|orcid:0000-0002-8461-9745	https://raw.githubusercontent.com/Planteome/CO_320-rice-traits/71090cc35c45e1b4b628c9256f2ab54949409b77/Rice_TD.csv	http://purl.obolibrary.org/obo/to/releases/2018-03-09/to.owl
CO_320:0000034	secondary panicle branching	skos:exactMatch	TO:0000142	secondary branching of inflorescence	1	sssom:HumanCuration	04/05/2018	orcid:0000-0002-6379-8932|orcid:0000-0002-8461-9745	https://raw.githubusercontent.com/Planteome/CO_320-rice-traits/71090cc35c45e1b4b628c9256f2ab54949409b77/Rice_TD.csv	http://purl.obolibrary.org/obo/to/releases/2018-03-09/to.owl
CO_320:0000035	panicle axis attitude	skos:exactMatch	TO:0000342	panicle axis angle	1	sssom:HumanCuration	04/05/2018	orcid:0000-0002-6379-8932|orcid:0000-0002-8461-9745	https://raw.githubusercontent.com/Planteome/CO_320-rice-traits/71090cc35c45e1b4b628c9256f2ab54949409b77/Rice_TD.csv	http://purl.obolibrary.org/obo/to/releases/2018-03-09/to.owl
CO_320:0000036	awn color	skos:exactMatch	TO:0000141	awn color	1	sssom:HumanCuration	04/05/2018	orcid:0000-0002-6379-8932|orcid:0000-0002-8461-9745	https://raw.githubusercontent.com/Planteome/CO_320-rice-traits/71090cc35c45e1b4b628c9256f2ab54949409b77/Rice_TD.csv	http://purl.obolibrary.org/obo/to/releases/2018-03-09/to.owl
CO_320:0000037	apiculus color	skos:exactMatch	TO:0000140	apiculus color	1	sssom:HumanCuration	04/05/2018	orcid:0000-0002-6379-8932|orcid:0000-0002-8461-9745	https://raw.githubusercontent.com/Planteome/CO_320-rice-traits/71090cc35c45e1b4b628c9256f2ab54949409b77/Rice_TD.csv	http://purl.obolibrary.org/obo/to/releases/2018-03-09/to.owl
CO_320:0000038	stigma color	skos:exactMatch	TO:0000185	stigma color	1	sssom:HumanCuration	04/05/2018	orcid:0000-0002-6379-8932|orcid:0000-0002-8461-9745	https://raw.githubusercontent.com/Planteome/CO_320-rice-traits/71090cc35c45e1b4b628c9256f2ab54949409b77/Rice_TD.csv	http://purl.obolibrary.org/obo/to/releases/2018-03-09/to.owl
CO_320:0000039	lemma and palea color	skos:exactMatch	TO:0000264	lemma and palea color	1	sssom:HumanCuration	04/05/2018	orcid:0000-0002-6379-8932|orcid:0000-0002-8461-9745	https://raw.githubusercontent.com/Planteome/CO_320-rice-traits/71090cc35c45e1b4b628c9256f2ab54949409b77/Rice_TD.csv	http://purl.obolibrary.org/obo/to/releases/2018-03-09/to.owl
CO_320:0000040	lemma and palea pubescence	skos:exactMatch	TO:0000417	lemma and palea pubescence	1	sssom:HumanCuration	04/05/2018	orcid:0000-0002-6379-8932|orcid:0000-0002-8461-9745	https://raw.githubusercontent.com/Planteome/CO_320-rice-traits/71090cc35c45e1b4b628c9256f2ab54949409b77/Rice_TD.csv	http://purl.obolibrary.org/obo/to/releases/2018-03-09/to.owl
CO_320:0000041	sterile lemma color	skos:exactMatch	TO:0000400	sterile lemma color	1	sssom:HumanCuration	04/05/2018	orcid:0000-0002-6379-8932|orcid:0000-0002-8461-9745	https://raw.githubusercontent.com/Planteome/CO_320-rice-traits/71090cc35c45e1b4b628c9256f2ab54949409b77/Rice_TD.csv	http://purl.obolibrary.org/obo/to/releases/2018-03-09/to.owl
CO_320:0000042	sterile lemma length	skos:exactMatch	TO:0000240	sterile lemma length	1	sssom:HumanCuration	04/05/2018	orcid:0000-0002-6379-8932|orcid:0000-0002-8461-9745	https://raw.githubusercontent.com/Planteome/CO_320-rice-traits/71090cc35c45e1b4b628c9256f2ab54949409b77/Rice_TD.csv	http://purl.obolibrary.org/obo/to/releases/2018-03-09/to.owl
CO_320:0000055	alkali injury	skos:exactMatch	TO:0000481	alkali sensitivity	1	sssom:HumanCuration	04/05/2018	orcid:0000-0002-6379-8932|orcid:0000-0002-8461-9745	https://raw.githubusercontent.com/Planteome/CO_320-rice-traits/71090cc35c45e1b4b628c9256f2ab54949409b77/Rice_TD.csv	http://purl.obolibrary.org/obo/to/releases/2018-03-09/to.owl
CO_320:0000057	cold tolerance	skos:exactMatch	TO:0000303	cold tolerance	1	sssom:HumanCuration	04/05/2018	orcid:0000-0002-6379-8932|orcid:0000-0002-8461-9745	https://raw.githubusercontent.com/Planteome/CO_320-rice-traits/71090cc35c45e1b4b628c9256f2ab54949409b77/Rice_TD.csv	http://purl.obolibrary.org/obo/to/releases/2018-03-09/to.owl
CO_320:0000058	drought recovery	skos:exactMatch	TO:0000458	drought recovery	1	sssom:HumanCuration	04/05/2018	orcid:0000-0002-6379-8932|orcid:0000-0002-8461-9745	https://raw.githubusercontent.com/Planteome/CO_320-rice-traits/71090cc35c45e1b4b628c9256f2ab54949409b77/Rice_TD.csv	http://purl.obolibrary.org/obo/to/releases/2018-03-09/to.owl
CO_320:0000060	drought injury	skos:exactMatch	TO:0000188	drought sensitivity	1	sssom:HumanCuration	04/05/2018	orcid:0000-0002-6379-8932|orcid:0000-0002-8461-9745	https://raw.githubusercontent.com/Planteome/CO_320-rice-traits/71090cc35c45e1b4b628c9256f2ab54949409b77/Rice_TD.csv	http://purl.obolibrary.org/obo/to/releases/2018-03-09/to.owl
CO_320:0000061	stem elongation	skos:exactMatch	TO:0006036	stem elongation	1	sssom:HumanCuration	04/05/2018	orcid:0000-0002-6379-8932|orcid:0000-0002-8461-9745	https://raw.githubusercontent.com/Planteome/CO_320-rice-traits/71090cc35c45e1b4b628c9256f2ab54949409b77/Rice_TD.csv	http://purl.obolibrary.org/obo/to/releases/2018-03-09/to.owl
CO_320:0000062	heat injury	skos:exactMatch	TO:0000259	heat tolerance	1	sssom:HumanCuration	04/05/2018	orcid:0000-0002-6379-8932|orcid:0000-0002-8461-9745	https://raw.githubusercontent.com/Planteome/CO_320-rice-traits/71090cc35c45e1b4b628c9256f2ab54949409b77/Rice_TD.csv	http://purl.obolibrary.org/obo/to/releases/2018-03-09/to.owl
CO_320:0000063	iron toxicity injury	skos:exactMatch	TO:0000224	iron sensitivity	1	sssom:HumanCuration	04/05/2018	orcid:0000-0002-6379-8932|orcid:0000-0002-8461-9745	https://raw.githubusercontent.com/Planteome/CO_320-rice-traits/71090cc35c45e1b4b628c9256f2ab54949409b77/Rice_TD.csv	http://purl.obolibrary.org/obo/to/releases/2018-03-09/to.owl
CO_320:0000064	kneeing ability	skos:exactMatch	TO:0000337	kneeing ability	1	sssom:HumanCuration	04/05/2018	orcid:0000-0002-6379-8932|orcid:0000-0002-8461-9745	https://raw.githubusercontent.com/Planteome/CO_320-rice-traits/71090cc35c45e1b4b628c9256f2ab54949409b77/Rice_TD.csv	http://purl.obolibrary.org/obo/to/releases/2018-03-09/to.owl
CO_320:0000065	phosphorus deficiency damage	skos:exactMatch	TO:0000102	phosphorus sensitivity	1	sssom:HumanCuration	04/05/2018	orcid:0000-0002-6379-8932|orcid:0000-0002-8461-9745	https://raw.githubusercontent.com/Planteome/CO_320-rice-traits/71090cc35c45e1b4b628c9256f2ab54949409b77/Rice_TD.csv	http://purl.obolibrary.org/obo/to/releases/2018-03-09/to.owl
CO_320:0000066	salt injury	skos:exactMatch	TO:0000429	salt sensitivity, salt tolerance	1	sssom:HumanCuration	04/05/2018	orcid:0000-0002-6379-8932|orcid:0000-0002-8461-9745	https://raw.githubusercontent.com/Planteome/CO_320-rice-traits/71090cc35c45e1b4b628c9256f2ab54949409b77/Rice_TD.csv	http://purl.obolibrary.org/obo/to/releases/2018-03-09/to.owl
CO_320:0000067	submergence tolerance	skos:exactMatch	TO:0000524	submergence tolerance	1	sssom:HumanCuration	04/05/2018	orcid:0000-0002-6379-8932|orcid:0000-0002-8461-9745	https://raw.githubusercontent.com/Planteome/CO_320-rice-traits/71090cc35c45e1b4b628c9256f2ab54949409b77/Rice_TD.csv	http://purl.obolibrary.org/obo/to/releases/2018-03-09/to.owl
CO_320:0000069	zinc deficiency injury	skos:exactMatch	TO:0000351	zinc sensitivity	1	sssom:HumanCuration	04/05/2018	orcid:0000-0002-6379-8932|orcid:0000-0002-8461-9745	https://raw.githubusercontent.com/Planteome/CO_320-rice-traits/71090cc35c45e1b4b628c9256f2ab54949409b77/Rice_TD.csv	http://purl.obolibrary.org/obo/to/releases/2018-03-09/to.owl
CO_320:0000073	grain yield	skos:exactMatch	TO:0000396	grain yield trait	1	sssom:HumanCuration	04/05/2018	orcid:0000-0002-6379-8932|orcid:0000-0002-8461-9745	https://raw.githubusercontent.com/Planteome/CO_320-rice-traits/71090cc35c45e1b4b628c9256f2ab54949409b77/Rice_TD.csv	http://purl.obolibrary.org/obo/to/releases/2018-03-09/to.owl
CO_320:0000074	panicle exsertion	skos:exactMatch	TO:0000165	panicle exsertion	1	sssom:HumanCuration	04/05/2018	orcid:0000-0002-6379-8932|orcid:0000-0002-8461-9745	https://raw.githubusercontent.com/Planteome/CO_320-rice-traits/71090cc35c45e1b4b628c9256f2ab54949409b77/Rice_TD.csv	http://purl.obolibrary.org/obo/to/releases/2018-03-09/to.owl
CO_320:0000075	Phenotypic Acceptability	skos:exactMatch	TO:0000322	phenotypic acceptability	1	sssom:HumanCuration	04/05/2018	orcid:0000-0002-6379-8932|orcid:0000-0002-8461-9745	https://raw.githubusercontent.com/Planteome/CO_320-rice-traits/71090cc35c45e1b4b628c9256f2ab54949409b77/Rice_TD.csv	http://purl.obolibrary.org/obo/to/releases/2018-03-09/to.owl
CO_320:0000076	plant height	skos:exactMatch	TO:0000207	plant height	1	sssom:HumanCuration	04/05/2018	orcid:0000-0002-6379-8932|orcid:0000-0002-8461-9745	https://raw.githubusercontent.com/Planteome/CO_320-rice-traits/71090cc35c45e1b4b628c9256f2ab54949409b77/Rice_TD.csv	http://purl.obolibrary.org/obo/to/releases/2018-03-09/to.owl
CO_320:0000077	vigor	skos:exactMatch	TO:0000280	seedling vigor	1	sssom:HumanCuration	04/05/2018	orcid:0000-0002-6379-8932|orcid:0000-0002-8461-9745	https://raw.githubusercontent.com/Planteome/CO_320-rice-traits/71090cc35c45e1b4b628c9256f2ab54949409b77/Rice_TD.csv	http://purl.obolibrary.org/obo/to/releases/2018-03-09/to.owl
CO_320:0000078	panicle threshability	skos:exactMatch	TO:0000406	panicle threshability	1	sssom:HumanCuration	04/05/2018	orcid:0000-0002-6379-8932|orcid:0000-0002-8461-9745	https://raw.githubusercontent.com/Planteome/CO_320-rice-traits/71090cc35c45e1b4b628c9256f2ab54949409b77/Rice_TD.csv	http://purl.obolibrary.org/obo/to/releases/2018-03-09/to.owl
CO_320:0000079	tillering	skos:exactMatch	TO:0000329	tillering ability	1	sssom:HumanCuration	04/05/2018	orcid:0000-0002-6379-8932|orcid:0000-0002-8461-9745	https://raw.githubusercontent.com/Planteome/CO_320-rice-traits/71090cc35c45e1b4b628c9256f2ab54949409b77/Rice_TD.csv	http://purl.obolibrary.org/obo/to/releases/2018-03-09/to.owl
CO_320:0000080	lodging incidence	skos:exactMatch	TO:0000068	lodging incidence	1	sssom:HumanCuration	04/05/2018	orcid:0000-0002-6379-8932|orcid:0000-0002-8461-9745	https://raw.githubusercontent.com/Planteome/CO_320-rice-traits/71090cc35c45e1b4b628c9256f2ab54949409b77/Rice_TD.csv	http://purl.obolibrary.org/obo/to/releases/2018-03-09/to.owl
CO_320:0000082	maturity	skos:exactMatch	TO:0000469	days to maturity	1	sssom:HumanCuration	04/05/2018	orcid:0000-0002-6379-8932|orcid:0000-0002-8461-9745	https://raw.githubusercontent.com/Planteome/CO_320-rice-traits/71090cc35c45e1b4b628c9256f2ab54949409b77/Rice_TD.csv	http://purl.obolibrary.org/obo/to/releases/2018-03-09/to.owl
CO_320:0000084	culm strength	skos:exactMatch	TO:0000051	stem strength	1	sssom:HumanCuration	04/05/2018	orcid:0000-0002-6379-8932|orcid:0000-0002-8461-9745	https://raw.githubusercontent.com/Planteome/CO_320-rice-traits/71090cc35c45e1b4b628c9256f2ab54949409b77/Rice_TD.csv	http://purl.obolibrary.org/obo/to/releases/2018-03-09/to.owl
CO_320:0000085	leaf senescence	skos:exactMatch	TO:0000249	leaf senescence	1	sssom:HumanCuration	04/05/2018	orcid:0000-0002-6379-8932|orcid:0000-0002-8461-9745	https://raw.githubusercontent.com/Planteome/CO_320-rice-traits/71090cc35c45e1b4b628c9256f2ab54949409b77/Rice_TD.csv	http://purl.obolibrary.org/obo/to/releases/2018-03-09/to.owl
CO_320:0000086	seed germination	skos:exactMatch	TO:0000202	germination ratio	1	sssom:HumanCuration	04/05/2018	orcid:0000-0002-6379-8932|orcid:0000-0002-8461-9745	https://raw.githubusercontent.com/Planteome/CO_320-rice-traits/71090cc35c45e1b4b628c9256f2ab54949409b77/Rice_TD.csv	http://purl.obolibrary.org/obo/to/releases/2018-03-09/to.owl
CO_320:0000088	Time to heading	skos:narrowMatch	TO:0000137	days to heading	1	sssom:HumanCuration	04/05/2018	orcid:0000-0002-6379-8932|orcid:0000-0002-8461-9745	https://raw.githubusercontent.com/Planteome/CO_320-rice-traits/71090cc35c45e1b4b628c9256f2ab54949409b77/Rice_TD.csv	http://purl.obolibrary.org/obo/to/releases/2018-03-09/to.owl
CO_320:0000090	spikelet fertility	skos:exactMatch	TO:0000180	spikelet fertility	1	sssom:HumanCuration	04/05/2018	orcid:0000-0002-6379-8932|orcid:0000-0002-8461-9745	https://raw.githubusercontent.com/Planteome/CO_320-rice-traits/71090cc35c45e1b4b628c9256f2ab54949409b77/Rice_TD.csv	http://purl.obolibrary.org/obo/to/releases/2018-03-09/to.owl
CO_320:0000091	male sterility group	skos:broadMatch	TO:0000437	male sterility	1	sssom:HumanCuration	04/05/2018	orcid:0000-0002-6379-8932|orcid:0000-0002-8461-9745	https://raw.githubusercontent.com/Planteome/CO_320-rice-traits/71090cc35c45e1b4b628c9256f2ab54949409b77/Rice_TD.csv	http://purl.obolibrary.org/obo/to/releases/2018-03-09/to.owl
CO_320:0000093	stigma exsertion	skos:exactMatch	TO:0000044	stigma exsertion	1	sssom:HumanCuration	04/05/2018	orcid:0000-0002-6379-8932|orcid:0000-0002-8461-9745	https://raw.githubusercontent.com/Planteome/CO_320-rice-traits/71090cc35c45e1b4b628c9256f2ab54949409b77/Rice_TD.csv	http://purl.obolibrary.org/obo/to/releases/2018-03-09/to.owl
CO_320:0000094	glume opening	skos:exactMatch	TO:0000474	glume opening	1	sssom:HumanCuration	04/05/2018	orcid:0000-0002-6379-8932|orcid:0000-0002-8461-9745	https://raw.githubusercontent.com/Planteome/CO_320-rice-traits/71090cc35c45e1b4b628c9256f2ab54949409b77/Rice_TD.csv	http://purl.obolibrary.org/obo/to/releases/2018-03-09/to.owl
CO_320:0000098	fertility restoration	skos:exactMatch	TO:0000308	male fertility restoration trait	1	sssom:HumanCuration	04/05/2018	orcid:0000-0002-6379-8932|orcid:0000-0002-8461-9745	https://raw.githubusercontent.com/Planteome/CO_320-rice-traits/71090cc35c45e1b4b628c9256f2ab54949409b77/Rice_TD.csv	http://purl.obolibrary.org/obo/to/releases/2018-03-09/to.owl
CO_320:0000100	grain weight	skos:exactMatch	TO:0000181	seed weight	1	sssom:HumanCuration	04/05/2018	orcid:0000-0002-6379-8932|orcid:0000-0002-8461-9745	https://raw.githubusercontent.com/Planteome/CO_320-rice-traits/71090cc35c45e1b4b628c9256f2ab54949409b77/Rice_TD.csv	http://purl.obolibrary.org/obo/to/releases/2018-03-09/to.owl
CO_320:0000102	amylose content	skos:exactMatch	TO:0000196	amylose content	1	sssom:HumanCuration	04/05/2018	orcid:0000-0002-6379-8932|orcid:0000-0002-8461-9745	https://raw.githubusercontent.com/Planteome/CO_320-rice-traits/71090cc35c45e1b4b628c9256f2ab54949409b77/Rice_TD.csv	http://purl.obolibrary.org/obo/to/releases/2018-03-09/to.owl
CO_320:0000103	scent	skos:exactMatch	TO:0000087	aroma	1	sssom:HumanCuration	04/05/2018	orcid:0000-0002-6379-8932|orcid:0000-0002-8461-9745	https://raw.githubusercontent.com/Planteome/CO_320-rice-traits/71090cc35c45e1b4b628c9256f2ab54949409b77/Rice_TD.csv	http://purl.obolibrary.org/obo/to/releases/2018-03-09/to.owl
CO_320:0000104	chalkiness of endosperm	skos:exactMatch	TO:0000266	chalky endosperm	1	sssom:HumanCuration	04/05/2018	orcid:0000-0002-6379-8932|orcid:0000-0002-8461-9745	https://raw.githubusercontent.com/Planteome/CO_320-rice-traits/71090cc35c45e1b4b628c9256f2ab54949409b77/Rice_TD.csv	http://purl.obolibrary.org/obo/to/releases/2018-03-09/to.owl
CO_320:0000105	grain elongation	skos:exactMatch	TO:0000377	cooked grain elongation	1	sssom:HumanCuration	04/05/2018	orcid:0000-0002-6379-8932|orcid:0000-0002-8461-9745	https://raw.githubusercontent.com/Planteome/CO_320-rice-traits/71090cc35c45e1b4b628c9256f2ab54949409b77/Rice_TD.csv	http://purl.obolibrary.org/obo/to/releases/2018-03-09/to.owl
CO_320:0000106	gel consistency	skos:exactMatch	TO:0000211	gel consistency	1	sssom:HumanCuration	04/05/2018	orcid:0000-0002-6379-8932|orcid:0000-0002-8461-9745	https://raw.githubusercontent.com/Planteome/CO_320-rice-traits/71090cc35c45e1b4b628c9256f2ab54949409b77/Rice_TD.csv	http://purl.obolibrary.org/obo/to/releases/2018-03-09/to.owl
CO_320:0000107	gelatinization temperature	skos:exactMatch	TO:0000462	gelatinization temperature	1	sssom:HumanCuration	04/05/2018	orcid:0000-0002-6379-8932|orcid:0000-0002-8461-9745	https://raw.githubusercontent.com/Planteome/CO_320-rice-traits/71090cc35c45e1b4b628c9256f2ab54949409b77/Rice_TD.csv	http://purl.obolibrary.org/obo/to/releases/2018-03-09/to.owl
CO_320:0000108	head rice	skos:exactMatch	TO:0000222	head rice	1	sssom:HumanCuration	04/05/2018	orcid:0000-0002-6379-8932|orcid:0000-0002-8461-9745	https://raw.githubusercontent.com/Planteome/CO_320-rice-traits/71090cc35c45e1b4b628c9256f2ab54949409b77/Rice_TD.csv	http://purl.obolibrary.org/obo/to/releases/2018-03-09/to.owl
CO_320:0000109	caryopsis shape	skos:exactMatch	TO:0002730	grain shape	1	sssom:HumanCuration	04/05/2018	orcid:0000-0002-6379-8932|orcid:0000-0002-8461-9745	https://raw.githubusercontent.com/Planteome/CO_320-rice-traits/71090cc35c45e1b4b628c9256f2ab54949409b77/Rice_TD.csv	http://purl.obolibrary.org/obo/to/releases/2018-03-09/to.owl
CO_320:0000110	caryopsis length	skos:exactMatch	TO:0000734	grain length	1	sssom:HumanCuration	04/05/2018	orcid:0000-0002-6379-8932|orcid:0000-0002-8461-9745	https://raw.githubusercontent.com/Planteome/CO_320-rice-traits/71090cc35c45e1b4b628c9256f2ab54949409b77/Rice_TD.csv	http://purl.obolibrary.org/obo/to/releases/2018-03-09/to.owl
CO_320:0000111	brown rice protein content	skos:exactMatch	TO:0000138	brown rice protein	1	sssom:HumanCuration	04/05/2018	orcid:0000-0002-6379-8932|orcid:0000-0002-8461-9745	https://raw.githubusercontent.com/Planteome/CO_320-rice-traits/71090cc35c45e1b4b628c9256f2ab54949409b77/Rice_TD.csv	http://purl.obolibrary.org/obo/to/releases/2018-03-09/to.owl
CO_320:0000115	pericarp colour	skos:exactMatch	TO:0000707	pericarp color	1	sssom:HumanCuration	04/05/2018	orcid:0000-0002-6379-8932|orcid:0000-0002-8461-9745	https://raw.githubusercontent.com/Planteome/CO_320-rice-traits/71090cc35c45e1b4b628c9256f2ab54949409b77/Rice_TD.csv	http://purl.obolibrary.org/obo/to/releases/2018-03-09/to.owl
CO_320:0000117	caryopsis width	skos:exactMatch	TO:0000975	grain width	1	sssom:HumanCuration	04/05/2018	orcid:0000-0002-6379-8932|orcid:0000-0002-8461-9745	https://raw.githubusercontent.com/Planteome/CO_320-rice-traits/71090cc35c45e1b4b628c9256f2ab54949409b77/Rice_TD.csv	http://purl.obolibrary.org/obo/to/releases/2018-03-09/to.owl
CO_320:0000121	sterile lemma shape	skos:exactMatch	TO:0002726	sterile lemma shape	1	sssom:HumanCuration	04/05/2018	orcid:0000-0002-6379-8932|orcid:0000-0002-8461-9745	https://raw.githubusercontent.com/Planteome/CO_320-rice-traits/71090cc35c45e1b4b628c9256f2ab54949409b77/Rice_TD.csv	http://purl.obolibrary.org/obo/to/releases/2018-03-09/to.owl
CO_320:0000124	rhizome and stolon formation	skos:exactMatch	TO:0002767	rhizome formation	1	sssom:HumanCuration	04/05/2018	orcid:0000-0002-6379-8932|orcid:0000-0002-8461-9745	https://raw.githubusercontent.com/Planteome/CO_320-rice-traits/71090cc35c45e1b4b628c9256f2ab54949409b77/Rice_TD.csv	http://purl.obolibrary.org/obo/to/releases/2018-03-09/to.owl
CO_320:0000128	panicle axis texture	skos:exactMatch	TO:0002754	inflorescence axis texture	1	sssom:HumanCuration	04/05/2018	orcid:0000-0002-6379-8932|orcid:0000-0002-8461-9745	https://raw.githubusercontent.com/Planteome/CO_320-rice-traits/71090cc35c45e1b4b628c9256f2ab54949409b77/Rice_TD.csv	http://purl.obolibrary.org/obo/to/releases/2018-03-09/to.owl
CO_320:0000132	ligule pubescence	skos:exactMatch	TO:0002749	ligule pubescence	1	sssom:HumanCuration	04/05/2018	orcid:0000-0002-6379-8932|orcid:0000-0002-8461-9745	https://raw.githubusercontent.com/Planteome/CO_320-rice-traits/71090cc35c45e1b4b628c9256f2ab54949409b77/Rice_TD.csv	http://purl.obolibrary.org/obo/to/releases/2018-03-09/to.owl
CO_320:0000137	flag leaf width	skos:exactMatch	TO:0002758	flag leaf lamina width	1	sssom:HumanCuration	04/05/2018	orcid:0000-0002-6379-8932|orcid:0000-0002-8461-9745	https://raw.githubusercontent.com/Planteome/CO_320-rice-traits/71090cc35c45e1b4b628c9256f2ab54949409b77/Rice_TD.csv	http://purl.obolibrary.org/obo/to/releases/2018-03-09/to.owl
CO_320:0000138	flag leaf length	skos:exactMatch	TO:0002757	flag leaf length	1	sssom:HumanCuration	04/05/2018	orcid:0000-0002-6379-8932|orcid:0000-0002-8461-9745	https://raw.githubusercontent.com/Planteome/CO_320-rice-traits/71090cc35c45e1b4b628c9256f2ab54949409b77/Rice_TD.csv	http://purl.obolibrary.org/obo/to/releases/2018-03-09/to.owl
CO_320:0000141	panicle distance to basal branch	skos:exactMatch	TO:0000545	panicle base to lowest branch	1	sssom:HumanCuration	04/05/2018	orcid:0000-0002-6379-8932|orcid:0000-0002-8461-9745	https://raw.githubusercontent.com/Planteome/CO_320-rice-traits/71090cc35c45e1b4b628c9256f2ab54949409b77/Rice_TD.csv	http://purl.obolibrary.org/obo/to/releases/2018-03-09/to.owl
CO_320:0000144	awn thickness	skos:exactMatch	TO:0002719	awn thickness	1	sssom:HumanCuration	04/05/2018	orcid:0000-0002-6379-8932|orcid:0000-0002-8461-9745	https://raw.githubusercontent.com/Planteome/CO_320-rice-traits/71090cc35c45e1b4b628c9256f2ab54949409b77/Rice_TD.csv	http://purl.obolibrary.org/obo/to/releases/2018-03-09/to.owl
CO_320:0000146	awn length	skos:exactMatch	TO:0000072	awn length	1	sssom:HumanCuration	04/05/2018	orcid:0000-0002-6379-8932|orcid:0000-0002-8461-9745	https://raw.githubusercontent.com/Planteome/CO_320-rice-traits/71090cc35c45e1b4b628c9256f2ab54949409b77/Rice_TD.csv	http://purl.obolibrary.org/obo/to/releases/2018-03-09/to.owl
CO_320:0000150	anther length	skos:exactMatch	TO:0000531	anther length	1	sssom:HumanCuration	04/05/2018	orcid:0000-0002-6379-8932|orcid:0000-0002-8461-9745	https://raw.githubusercontent.com/Planteome/CO_320-rice-traits/71090cc35c45e1b4b628c9256f2ab54949409b77/Rice_TD.csv	http://purl.obolibrary.org/obo/to/releases/2018-03-09/to.owl
CO_320:0000152	panicle shattering	skos:broadMatch	TO:0000406	panicle threshability	1	sssom:HumanCuration	04/05/2018	orcid:0000-0002-6379-8932|orcid:0000-0002-8461-9745	https://raw.githubusercontent.com/Planteome/CO_320-rice-traits/71090cc35c45e1b4b628c9256f2ab54949409b77/Rice_TD.csv	http://purl.obolibrary.org/obo/to/releases/2018-03-09/to.owl
CO_320:0000154	culm node underlying colour	skos:broadMatch	TO:0000059	node color	1	sssom:HumanCuration	04/05/2018	orcid:0000-0002-6379-8932|orcid:0000-0002-8461-9745	https://raw.githubusercontent.com/Planteome/CO_320-rice-traits/71090cc35c45e1b4b628c9256f2ab54949409b77/Rice_TD.csv	http://purl.obolibrary.org/obo/to/releases/2018-03-09/to.owl
CO_320:0000155	culm diameter	skos:exactMatch	TO:0001035	stem width	1	sssom:HumanCuration	04/05/2018	orcid:0000-0002-6379-8932|orcid:0000-0002-8461-9745	https://raw.githubusercontent.com/Planteome/CO_320-rice-traits/71090cc35c45e1b4b628c9256f2ab54949409b77/Rice_TD.csv	http://purl.obolibrary.org/obo/to/releases/2018-03-09/to.owl
CO_320:0000156	awn presence	skos:exactMatch	TO:0002734	awn presence	1	sssom:HumanCuration	04/05/2018	orcid:0000-0002-6379-8932|orcid:0000-0002-8461-9745	https://raw.githubusercontent.com/Planteome/CO_320-rice-traits/71090cc35c45e1b4b628c9256f2ab54949409b77/Rice_TD.csv	http://purl.obolibrary.org/obo/to/releases/2018-03-09/to.owl
CO_320:0000158	pollen sterility	skos:exactMatch	TO:0000053	pollen sterility	1	sssom:HumanCuration	04/05/2018	orcid:0000-0002-6379-8932|orcid:0000-0002-8461-9745	https://raw.githubusercontent.com/Planteome/CO_320-rice-traits/71090cc35c45e1b4b628c9256f2ab54949409b77/Rice_TD.csv	http://purl.obolibrary.org/obo/to/releases/2018-03-09/to.owl
CO_320:0000159	spikelet sterility	skos:exactMatch	TO:0000436	spikelet sterility	1	sssom:HumanCuration	04/05/2018	orcid:0000-0002-6379-8932|orcid:0000-0002-8461-9745	https://raw.githubusercontent.com/Planteome/CO_320-rice-traits/71090cc35c45e1b4b628c9256f2ab54949409b77/Rice_TD.csv	http://purl.obolibrary.org/obo/to/releases/2018-03-09/to.owl
CO_320:0000173	bacterial blight damage	skos:exactMatch	TO:0000175	rice bacterial blight disease resistance	1	sssom:HumanCuration	04/05/2018	orcid:0000-0002-6379-8932|orcid:0000-0002-8461-9745	https://raw.githubusercontent.com/Planteome/CO_320-rice-traits/71090cc35c45e1b4b628c9256f2ab54949409b77/Rice_TD.csv	http://purl.obolibrary.org/obo/to/releases/2018-03-09/to.owl
CO_320:0000174	bacterial leaf streak damage	skos:exactMatch	TO:0000203	rice bacterial leaf streak disease resistance	1	sssom:HumanCuration	04/05/2018	orcid:0000-0002-6379-8932|orcid:0000-0002-8461-9745	https://raw.githubusercontent.com/Planteome/CO_320-rice-traits/71090cc35c45e1b4b628c9256f2ab54949409b77/Rice_TD.csv	http://purl.obolibrary.org/obo/to/releases/2018-03-09/to.owl
CO_320:0000176	Leaf blast damage	skos:exactMatch	TO:0000468	leaf blast disease resistance	1	sssom:HumanCuration	04/05/2018	orcid:0000-0002-6379-8932|orcid:0000-0002-8461-9745	https://raw.githubusercontent.com/Planteome/CO_320-rice-traits/71090cc35c45e1b4b628c9256f2ab54949409b77/Rice_TD.csv	http://purl.obolibrary.org/obo/to/releases/2018-03-09/to.owl
CO_320:0000177	brown spot damage	skos:exactMatch	TO:0000356	brown spot disease resistance	1	sssom:HumanCuration	04/05/2018	orcid:0000-0002-6379-8932|orcid:0000-0002-8461-9745	https://raw.githubusercontent.com/Planteome/CO_320-rice-traits/71090cc35c45e1b4b628c9256f2ab54949409b77/Rice_TD.csv	http://purl.obolibrary.org/obo/to/releases/2018-03-09/to.owl
CO_320:0000178	false smut	skos:exactMatch	TO:0000129	false smut disease resistance	1	sssom:HumanCuration	04/05/2018	orcid:0000-0002-6379-8932|orcid:0000-0002-8461-9745	https://raw.githubusercontent.com/Planteome/CO_320-rice-traits/71090cc35c45e1b4b628c9256f2ab54949409b77/Rice_TD.csv	http://purl.obolibrary.org/obo/to/releases/2018-03-09/to.owl
CO_320:0000179	grassy stunt 1 disease	skos:exactMatch	TO:0000127	rice grassy stunt virus-1 resistance	1	sssom:HumanCuration	04/05/2018	orcid:0000-0002-6379-8932|orcid:0000-0002-8461-9745	https://raw.githubusercontent.com/Planteome/CO_320-rice-traits/71090cc35c45e1b4b628c9256f2ab54949409b77/Rice_TD.csv	http://purl.obolibrary.org/obo/to/releases/2018-03-09/to.owl
CO_320:0000180	kernel smut	skos:exactMatch	TO:0000048	kernel smut disease resistance	1	sssom:HumanCuration	04/05/2018	orcid:0000-0002-6379-8932|orcid:0000-0002-8461-9745	https://raw.githubusercontent.com/Planteome/CO_320-rice-traits/71090cc35c45e1b4b628c9256f2ab54949409b77/Rice_TD.csv	http://purl.obolibrary.org/obo/to/releases/2018-03-09/to.owl
CO_320:0000181	leaf scald damage	skos:exactMatch	TO:0000378	leaf scald disease resistance	1	sssom:HumanCuration	04/05/2018	orcid:0000-0002-6379-8932|orcid:0000-0002-8461-9745	https://raw.githubusercontent.com/Planteome/CO_320-rice-traits/71090cc35c45e1b4b628c9256f2ab54949409b77/Rice_TD.csv	http://purl.obolibrary.org/obo/to/releases/2018-03-09/to.owl
CO_320:0000182	narrow brown leaf spot damage	skos:exactMatch	TO:0000422	narrow brown leaf spot disease resistance	1	sssom:HumanCuration	04/05/2018	orcid:0000-0002-6379-8932|orcid:0000-0002-8461-9745	https://raw.githubusercontent.com/Planteome/CO_320-rice-traits/71090cc35c45e1b4b628c9256f2ab54949409b77/Rice_TD.csv	http://purl.obolibrary.org/obo/to/releases/2018-03-09/to.owl
CO_320:0000183	ragged stunt disease	skos:exactMatch	TO:0000386	rice ragged stunt virus resistance	1	sssom:HumanCuration	04/05/2018	orcid:0000-0002-6379-8932|orcid:0000-0002-8461-9745	https://raw.githubusercontent.com/Planteome/CO_320-rice-traits/71090cc35c45e1b4b628c9256f2ab54949409b77/Rice_TD.csv	http://purl.obolibrary.org/obo/to/releases/2018-03-09/to.owl
CO_320:0000184	rice tungro disease	skos:exactMatch	TO:0000413	rice tungro virus resistance	1	sssom:HumanCuration	04/05/2018	orcid:0000-0002-6379-8932|orcid:0000-0002-8461-9745	https://raw.githubusercontent.com/Planteome/CO_320-rice-traits/71090cc35c45e1b4b628c9256f2ab54949409b77/Rice_TD.csv	http://purl.obolibrary.org/obo/to/releases/2018-03-09/to.owl
CO_320:0000185	sheath rot	skos:exactMatch	TO:0000086	sheath rot disease resistance	1	sssom:HumanCuration	04/05/2018	orcid:0000-0002-6379-8932|orcid:0000-0002-8461-9745	https://raw.githubusercontent.com/Planteome/CO_320-rice-traits/71090cc35c45e1b4b628c9256f2ab54949409b77/Rice_TD.csv	http://purl.obolibrary.org/obo/to/releases/2018-03-09/to.owl
CO_320:0000186	stem rot	skos:exactMatch	TO:0000323	stem rot disease resistance	1	sssom:HumanCuration	04/05/2018	orcid:0000-0002-6379-8932|orcid:0000-0002-8461-9745	https://raw.githubusercontent.com/Planteome/CO_320-rice-traits/71090cc35c45e1b4b628c9256f2ab54949409b77/Rice_TD.csv	http://purl.obolibrary.org/obo/to/releases/2018-03-09/to.owl
CO_320:0000187	ufra	skos:exactMatch	TO:0000121	ufra damage	1	sssom:HumanCuration	04/05/2018	orcid:0000-0002-6379-8932|orcid:0000-0002-8461-9745	https://raw.githubusercontent.com/Planteome/CO_320-rice-traits/71090cc35c45e1b4b628c9256f2ab54949409b77/Rice_TD.csv	http://purl.obolibrary.org/obo/to/releases/2018-03-09/to.owl
CO_320:0000189	sheath blight	skos:exactMatch	TO:0000255	sheath blight disease resistance	1	sssom:HumanCuration	04/05/2018	orcid:0000-0002-6379-8932|orcid:0000-0002-8461-9745	https://raw.githubusercontent.com/Planteome/CO_320-rice-traits/71090cc35c45e1b4b628c9256f2ab54949409b77/Rice_TD.csv	http://purl.obolibrary.org/obo/to/releases/2018-03-09/to.owl
CO_320:0000192	yellow mottle disease	skos:exactMatch	TO:0000088	rice yellow mottle virus resistance	1	sssom:HumanCuration	04/05/2018	orcid:0000-0002-6379-8932|orcid:0000-0002-8461-9745	https://raw.githubusercontent.com/Planteome/CO_320-rice-traits/71090cc35c45e1b4b628c9256f2ab54949409b77/Rice_TD.csv	http://purl.obolibrary.org/obo/to/releases/2018-03-09/to.owl
CO_320:0000193	hoja blanca disease	skos:exactMatch	TO:0000147	rice hoja blanca disease resistance	1	sssom:HumanCuration	04/05/2018	orcid:0000-0002-6379-8932|orcid:0000-0002-8461-9745	https://raw.githubusercontent.com/Planteome/CO_320-rice-traits/71090cc35c45e1b4b628c9256f2ab54949409b77/Rice_TD.csv	http://purl.obolibrary.org/obo/to/releases/2018-03-09/to.owl
CO_320:0000194	udbatta disease	skos:exactMatch	TO:0000045	udbatta disease resistance	1	sssom:HumanCuration	04/05/2018	orcid:0000-0002-6379-8932|orcid:0000-0002-8461-9745	https://raw.githubusercontent.com/Planteome/CO_320-rice-traits/71090cc35c45e1b4b628c9256f2ab54949409b77/Rice_TD.csv	http://purl.obolibrary.org/obo/to/releases/2018-03-09/to.owl
CO_320:0000195	bakanae disease	skos:exactMatch	TO:0000418	bakanae disease resistance	1	sssom:HumanCuration	04/05/2018	orcid:0000-0002-6379-8932|orcid:0000-0002-8461-9745	https://raw.githubusercontent.com/Planteome/CO_320-rice-traits/71090cc35c45e1b4b628c9256f2ab54949409b77/Rice_TD.csv	http://purl.obolibrary.org/obo/to/releases/2018-03-09/to.owl
CO_320:0000196	brown planthopper damage	skos:exactMatch	TO:0000424	brown planthopper resistance	1	sssom:HumanCuration	04/05/2018	orcid:0000-0002-6379-8932|orcid:0000-0002-8461-9745	https://raw.githubusercontent.com/Planteome/CO_320-rice-traits/71090cc35c45e1b4b628c9256f2ab54949409b77/Rice_TD.csv	http://purl.obolibrary.org/obo/to/releases/2018-03-09/to.owl
CO_320:0000197	case worm damage	skos:exactMatch	TO:0000405	caseworm resistance	1	sssom:HumanCuration	04/05/2018	orcid:0000-0002-6379-8932|orcid:0000-0002-8461-9745	https://raw.githubusercontent.com/Planteome/CO_320-rice-traits/71090cc35c45e1b4b628c9256f2ab54949409b77/Rice_TD.csv	http://purl.obolibrary.org/obo/to/releases/2018-03-09/to.owl
CO_320:0000199	gall midge damage	skos:exactMatch	TO:0000423	gall midge resistance	1	sssom:HumanCuration	04/05/2018	orcid:0000-0002-6379-8932|orcid:0000-0002-8461-9745	https://raw.githubusercontent.com/Planteome/CO_320-rice-traits/71090cc35c45e1b4b628c9256f2ab54949409b77/Rice_TD.csv	http://purl.obolibrary.org/obo/to/releases/2018-03-09/to.owl
CO_320:0000200	green leafhopper damage	skos:exactMatch	TO:0000212	green leafhopper resistance	1	sssom:HumanCuration	04/05/2018	orcid:0000-0002-6379-8932|orcid:0000-0002-8461-9745	https://raw.githubusercontent.com/Planteome/CO_320-rice-traits/71090cc35c45e1b4b628c9256f2ab54949409b77/Rice_TD.csv	http://purl.obolibrary.org/obo/to/releases/2018-03-09/to.owl
CO_320:0000201	leaffolder damage	skos:exactMatch	TO:0000403	leaf-folder resistance	1	sssom:HumanCuration	04/05/2018	orcid:0000-0002-6379-8932|orcid:0000-0002-8461-9745	https://raw.githubusercontent.com/Planteome/CO_320-rice-traits/71090cc35c45e1b4b628c9256f2ab54949409b77/Rice_TD.csv	http://purl.obolibrary.org/obo/to/releases/2018-03-09/to.owl
CO_320:0000203	rice bug damage	skos:exactMatch	TO:0000220	rice bug resistance	1	sssom:HumanCuration	04/05/2018	orcid:0000-0002-6379-8932|orcid:0000-0002-8461-9745	https://raw.githubusercontent.com/Planteome/CO_320-rice-traits/71090cc35c45e1b4b628c9256f2ab54949409b77/Rice_TD.csv	http://purl.obolibrary.org/obo/to/releases/2018-03-09/to.owl
CO_320:0000206	rice whorl maggot damage	skos:exactMatch	TO:0000332	rice whorl maggot resistance	1	sssom:HumanCuration	04/05/2018	orcid:0000-0002-6379-8932|orcid:0000-0002-8461-9745	https://raw.githubusercontent.com/Planteome/CO_320-rice-traits/71090cc35c45e1b4b628c9256f2ab54949409b77/Rice_TD.csv	http://purl.obolibrary.org/obo/to/releases/2018-03-09/to.owl
CO_320:0000208	stem borer damage	skos:exactMatch	TO:0000454	stem borer resistance	1	sssom:HumanCuration	04/05/2018	orcid:0000-0002-6379-8932|orcid:0000-0002-8461-9745	https://raw.githubusercontent.com/Planteome/CO_320-rice-traits/71090cc35c45e1b4b628c9256f2ab54949409b77/Rice_TD.csv	http://purl.obolibrary.org/obo/to/releases/2018-03-09/to.owl
CO_320:0000210	thrip damage	skos:exactMatch	TO:0000154	thrips resistance	1	sssom:HumanCuration	04/05/2018	orcid:0000-0002-6379-8932|orcid:0000-0002-8461-9745	https://raw.githubusercontent.com/Planteome/CO_320-rice-traits/71090cc35c45e1b4b628c9256f2ab54949409b77/Rice_TD.csv	http://purl.obolibrary.org/obo/to/releases/2018-03-09/to.owl
CO_320:0000211	whitebacked planthopper damage	skos:exactMatch	TO:0000205	white-backed planthopper resistance	1	sssom:HumanCuration	04/05/2018	orcid:0000-0002-6379-8932|orcid:0000-0002-8461-9745	https://raw.githubusercontent.com/Planteome/CO_320-rice-traits/71090cc35c45e1b4b628c9256f2ab54949409b77/Rice_TD.csv	http://purl.obolibrary.org/obo/to/releases/2018-03-09/to.owl
CO_320:0000213	bird damage	skos:exactMatch	TO:0000260	bird damage resistance	1	sssom:HumanCuration	04/05/2018	orcid:0000-0002-6379-8932|orcid:0000-0002-8461-9745	https://raw.githubusercontent.com/Planteome/CO_320-rice-traits/71090cc35c45e1b4b628c9256f2ab54949409b77/Rice_TD.csv	http://purl.obolibrary.org/obo/to/releases/2018-03-09/to.owl
CO_320:0000214	rat damage	skos:exactMatch	TO:0000117	rat damage resistance	1	sssom:HumanCuration	04/05/2018	orcid:0000-0002-6379-8932|orcid:0000-0002-8461-9745	https://raw.githubusercontent.com/Planteome/CO_320-rice-traits/71090cc35c45e1b4b628c9256f2ab54949409b77/Rice_TD.csv	http://purl.obolibrary.org/obo/to/releases/2018-03-09/to.owl
CO_320:0000216	rice delphacid	skos:exactMatch	TO:0000246	rice delphacid resistance	1	sssom:HumanCuration	04/05/2018	orcid:0000-0002-6379-8932|orcid:0000-0002-8461-9745	https://raw.githubusercontent.com/Planteome/CO_320-rice-traits/71090cc35c45e1b4b628c9256f2ab54949409b77/Rice_TD.csv	http://purl.obolibrary.org/obo/to/releases/2018-03-09/to.owl
CO_320:0000218	seedling height	skos:exactMatch	TO:0000019	seedling height	1	sssom:HumanCuration	04/05/2018	orcid:0000-0002-6379-8932|orcid:0000-0002-8461-9745	https://raw.githubusercontent.com/Planteome/CO_320-rice-traits/71090cc35c45e1b4b628c9256f2ab54949409b77/Rice_TD.csv	http://purl.obolibrary.org/obo/to/releases/2018-03-09/to.owl
CO_320:0000483	anther colour	skos:exactMatch	TO:0000187	anther color	1	sssom:HumanCuration	04/05/2018	orcid:0000-0002-6379-8932|orcid:0000-0002-8461-9745	https://raw.githubusercontent.com/Planteome/CO_320-rice-traits/71090cc35c45e1b4b628c9256f2ab54949409b77/Rice_TD.csv	http://purl.obolibrary.org/obo/to/releases/2018-03-09/to.owl
CO_320:0000484	anthocyanin below apiculus	skos:broadMatch	TO:0000071	anthocyanin content	1	sssom:HumanCuration	04/05/2018	orcid:0000-0002-6379-8932|orcid:0000-0002-8461-9745	https://raw.githubusercontent.com/Planteome/CO_320-rice-traits/71090cc35c45e1b4b628c9256f2ab54949409b77/Rice_TD.csv	http://purl.obolibrary.org/obo/to/releases/2018-03-09/to.owl
CO_320:0000485	apiculus anthocyanin	skos:broadMatch	TO:0000071	anthocyanin content	1	sssom:HumanCuration	04/05/2018	orcid:0000-0002-6379-8932|orcid:0000-0002-8461-9745	https://raw.githubusercontent.com/Planteome/CO_320-rice-traits/71090cc35c45e1b4b628c9256f2ab54949409b77/Rice_TD.csv	http://purl.obolibrary.org/obo/to/releases/2018-03-09/to.owl
CO_320:0000486	apiculus shape	skos:broadMatch	TO:0000079	lemma and palea morphology trait	1	sssom:HumanCuration	04/05/2018	orcid:0000-0002-6379-8932|orcid:0000-0002-8461-9745	https://raw.githubusercontent.com/Planteome/CO_320-rice-traits/71090cc35c45e1b4b628c9256f2ab54949409b77/Rice_TD.csv	http://purl.obolibrary.org/obo/to/releases/2018-03-09/to.owl
CO_320:0000487	auricle anthocyanin	skos:broadMatch	TO:0000071	anthocyanin content	1	sssom:HumanCuration	04/05/2018	orcid:0000-0002-6379-8932|orcid:0000-0002-8461-9745	https://raw.githubusercontent.com/Planteome/CO_320-rice-traits/71090cc35c45e1b4b628c9256f2ab54949409b77/Rice_TD.csv	http://purl.obolibrary.org/obo/to/releases/2018-03-09/to.owl
CO_320:0000488	awn distribution	skos:broadMatch	TO:0000657	spikelet morphology trait	1	sssom:HumanCuration	04/05/2018	orcid:0000-0002-6379-8932|orcid:0000-0002-8461-9745	https://raw.githubusercontent.com/Planteome/CO_320-rice-traits/71090cc35c45e1b4b628c9256f2ab54949409b77/Rice_TD.csv	http://purl.obolibrary.org/obo/to/releases/2018-03-09/to.owl
CO_320:0000489	basal leaf sheath anthocyanin	skos:broadMatch	TO:0000071	anthocyanin content	1	sssom:HumanCuration	04/05/2018	orcid:0000-0002-6379-8932|orcid:0000-0002-8461-9745	https://raw.githubusercontent.com/Planteome/CO_320-rice-traits/71090cc35c45e1b4b628c9256f2ab54949409b77/Rice_TD.csv	http://purl.obolibrary.org/obo/to/releases/2018-03-09/to.owl
CO_320:0000490	chromosome number	skos:broadMatch	TO:0002683	plant cell morphology trait	1	sssom:HumanCuration	04/05/2018	orcid:0000-0002-6379-8932|orcid:0000-0002-8461-9745	https://raw.githubusercontent.com/Planteome/CO_320-rice-traits/71090cc35c45e1b4b628c9256f2ab54949409b77/Rice_TD.csv	http://purl.obolibrary.org/obo/to/releases/2018-03-09/to.owl
CO_320:0000491	coleoptile anthocyanin	skos:broadMatch	TO:0000071	anthocyanin content	1	sssom:HumanCuration	04/05/2018	orcid:0000-0002-6379-8932|orcid:0000-0002-8461-9745	https://raw.githubusercontent.com/Planteome/CO_320-rice-traits/71090cc35c45e1b4b628c9256f2ab54949409b77/Rice_TD.csv	http://purl.obolibrary.org/obo/to/releases/2018-03-09/to.owl
CO_320:0000492	collar anthocyanin	skos:broadMatch	TO:0000071	anthocyanin content	1	sssom:HumanCuration	04/05/2018	orcid:0000-0002-6379-8932|orcid:0000-0002-8461-9745	https://raw.githubusercontent.com/Planteome/CO_320-rice-traits/71090cc35c45e1b4b628c9256f2ab54949409b77/Rice_TD.csv	http://purl.obolibrary.org/obo/to/releases/2018-03-09/to.owl
CO_320:0000493	culm internode color	skos:exactMatch	TO:0000426	internode color	1	sssom:HumanCuration	04/05/2018	orcid:0000-0002-6379-8932|orcid:0000-0002-8461-9745	https://raw.githubusercontent.com/Planteome/CO_320-rice-traits/71090cc35c45e1b4b628c9256f2ab54949409b77/Rice_TD.csv	http://purl.obolibrary.org/obo/to/releases/2018-03-09/to.owl
CO_320:0000494	culm internode underlying colour	skos:broadMatch	TO:0000427	internode color	1	sssom:HumanCuration	04/05/2018	orcid:0000-0002-6379-8932|orcid:0000-0002-8461-9745	https://raw.githubusercontent.com/Planteome/CO_320-rice-traits/71090cc35c45e1b4b628c9256f2ab54949409b77/Rice_TD.csv	http://purl.obolibrary.org/obo/to/releases/2018-03-09/to.owl
CO_320:0000495	culm node anthocyanin	skos:broadMatch	TO:0000071	anthocyanin content	1	sssom:HumanCuration	04/05/2018	orcid:0000-0002-6379-8932|orcid:0000-0002-8461-9745	https://raw.githubusercontent.com/Planteome/CO_320-rice-traits/71090cc35c45e1b4b628c9256f2ab54949409b77/Rice_TD.csv	http://purl.obolibrary.org/obo/to/releases/2018-03-09/to.owl
CO_320:0000496	culm number	skos:exactMatch	TO:0000027	culm number	1	sssom:HumanCuration	04/05/2018	orcid:0000-0002-6379-8932|orcid:0000-0002-8461-9745	https://raw.githubusercontent.com/Planteome/CO_320-rice-traits/71090cc35c45e1b4b628c9256f2ab54949409b77/Rice_TD.csv	http://purl.obolibrary.org/obo/to/releases/2018-03-09/to.owl
CO_320:0000497	endosperm type	skos:broadMatch	TO:0000575	endosperm morphology trait	1	sssom:HumanCuration	04/05/2018	orcid:0000-0002-6379-8932|orcid:0000-0002-8461-9745	https://raw.githubusercontent.com/Planteome/CO_320-rice-traits/71090cc35c45e1b4b628c9256f2ab54949409b77/Rice_TD.csv	http://purl.obolibrary.org/obo/to/releases/2018-03-09/to.owl
CO_320:0000498	flowering date	skos:narrowMatch	TO:0000344	days to flowering trait	1	sssom:HumanCuration	04/05/2018	orcid:0000-0002-6379-8932|orcid:0000-0002-8461-9745	https://raw.githubusercontent.com/Planteome/CO_320-rice-traits/71090cc35c45e1b4b628c9256f2ab54949409b77/Rice_TD.csv	http://purl.obolibrary.org/obo/to/releases/2018-03-09/to.owl
CO_320:0000499	grain discoloration	skos:exactMatch	TO:0000023	fungal infection related grain discoloration	1	sssom:HumanCuration	04/05/2018	orcid:0000-0002-6379-8932|orcid:0000-0002-8461-9745	https://raw.githubusercontent.com/Planteome/CO_320-rice-traits/71090cc35c45e1b4b628c9256f2ab54949409b77/Rice_TD.csv	http://purl.obolibrary.org/obo/to/releases/2018-03-09/to.owl
CO_320:0000500	grassy stunt 2 disease	skos:exactMatch	TO:0000126	rice grassy stunt virus-2 resistance	1	sssom:HumanCuration	04/05/2018	orcid:0000-0002-6379-8932|orcid:0000-0002-8461-9745	https://raw.githubusercontent.com/Planteome/CO_320-rice-traits/71090cc35c45e1b4b628c9256f2ab54949409b77/Rice_TD.csv	http://purl.obolibrary.org/obo/to/releases/2018-03-09/to.owl
CO_320:0000501	keel anthocyanin	skos:broadMatch	TO:0000071	anthocyanin content	1	sssom:HumanCuration	04/05/2018	orcid:0000-0002-6379-8932|orcid:0000-0002-8461-9745	https://raw.githubusercontent.com/Planteome/CO_320-rice-traits/71090cc35c45e1b4b628c9256f2ab54949409b77/Rice_TD.csv	http://purl.obolibrary.org/obo/to/releases/2018-03-09/to.owl
CO_320:0000502	leaf blade anthocyanin	skos:broadMatch	TO:0000071	anthocyanin content	1	sssom:HumanCuration	04/05/2018	orcid:0000-0002-6379-8932|orcid:0000-0002-8461-9745	https://raw.githubusercontent.com/Planteome/CO_320-rice-traits/71090cc35c45e1b4b628c9256f2ab54949409b77/Rice_TD.csv	http://purl.obolibrary.org/obo/to/releases/2018-03-09/to.owl
CO_320:0000503	leaf blade greenness	skos:broadMatch	TO:0000299	leaf lamina color	1	sssom:HumanCuration	04/05/2018	orcid:0000-0002-6379-8932|orcid:0000-0002-8461-9745	https://raw.githubusercontent.com/Planteome/CO_320-rice-traits/71090cc35c45e1b4b628c9256f2ab54949409b77/Rice_TD.csv	http://purl.obolibrary.org/obo/to/releases/2018-03-09/to.owl
CO_320:0000504	leaf margin pubescence	skos:exactMatch	TO:0002723	leaf lamina margin pubescence	1	sssom:HumanCuration	04/05/2018	orcid:0000-0002-6379-8932|orcid:0000-0002-8461-9745	https://raw.githubusercontent.com/Planteome/CO_320-rice-traits/71090cc35c45e1b4b628c9256f2ab54949409b77/Rice_TD.csv	http://purl.obolibrary.org/obo/to/releases/2018-03-09/to.owl
CO_320:0000505	lemma and palea color ornementation	skos:broadMatch	TO:0000079	lemma and palea morphology trait	1	sssom:HumanCuration	04/05/2018	orcid:0000-0002-6379-8932|orcid:0000-0002-8461-9745	https://raw.githubusercontent.com/Planteome/CO_320-rice-traits/71090cc35c45e1b4b628c9256f2ab54949409b77/Rice_TD.csv	http://purl.obolibrary.org/obo/to/releases/2018-03-09/to.owl
CO_320:0000506	lemma phenol reaction	skos:broadMatch	TO:0000062	phenol reaction	1	sssom:HumanCuration	04/05/2018	orcid:0000-0002-6379-8932|orcid:0000-0002-8461-9745	https://raw.githubusercontent.com/Planteome/CO_320-rice-traits/71090cc35c45e1b4b628c9256f2ab54949409b77/Rice_TD.csv	http://purl.obolibrary.org/obo/to/releases/2018-03-09/to.owl
CO_320:0000507	ligule margin shape	skos:exactMatch	TO:0002766	ligule margin shape	1	sssom:HumanCuration	04/05/2018	orcid:0000-0002-6379-8932|orcid:0000-0002-8461-9745	https://raw.githubusercontent.com/Planteome/CO_320-rice-traits/71090cc35c45e1b4b628c9256f2ab54949409b77/Rice_TD.csv	http://purl.obolibrary.org/obo/to/releases/2018-03-09/to.owl
CO_320:0000508	Outcrossing extent	skos:exactMatch	TO:0000330	outcrossing potential	1	sssom:HumanCuration	04/05/2018	orcid:0000-0002-6379-8932|orcid:0000-0002-8461-9745	https://raw.githubusercontent.com/Planteome/CO_320-rice-traits/71090cc35c45e1b4b628c9256f2ab54949409b77/Rice_TD.csv	http://purl.obolibrary.org/obo/to/releases/2018-03-09/to.owl
CO_320:0000509	panicle basal branch number	skos:exactMatch	TO:0000050	inflorescence branching	1	sssom:HumanCuration	04/05/2018	orcid:0000-0002-6379-8932|orcid:0000-0002-8461-9745	https://raw.githubusercontent.com/Planteome/CO_320-rice-traits/71090cc35c45e1b4b628c9256f2ab54949409b77/Rice_TD.csv	http://purl.obolibrary.org/obo/to/releases/2018-03-09/to.owl
CO_320:0000510	panicle blast damage	skos:broadMatch	TO:0000477	panicle blast disease resistance	1	sssom:HumanCuration	04/05/2018	orcid:0000-0002-6379-8932|orcid:0000-0002-8461-9745	https://raw.githubusercontent.com/Planteome/CO_320-rice-traits/71090cc35c45e1b4b628c9256f2ab54949409b77/Rice_TD.csv	http://purl.obolibrary.org/obo/to/releases/2018-03-09/to.owl
CO_320:0000511	panicle blast severity	skos:broadMatch	TO:0000477	panicle blast disease resistance	1	sssom:HumanCuration	04/05/2018	orcid:0000-0002-6379-8932|orcid:0000-0002-8461-9745	https://raw.githubusercontent.com/Planteome/CO_320-rice-traits/71090cc35c45e1b4b628c9256f2ab54949409b77/Rice_TD.csv	http://purl.obolibrary.org/obo/to/releases/2018-03-09/to.owl
CO_320:0000512	panicle blast incidence	skos:broadMatch	TO:0000477	panicle blast disease resistance	1	sssom:HumanCuration	04/05/2018	orcid:0000-0002-6379-8932|orcid:0000-0002-8461-9745	https://raw.githubusercontent.com/Planteome/CO_320-rice-traits/71090cc35c45e1b4b628c9256f2ab54949409b77/Rice_TD.csv	http://purl.obolibrary.org/obo/to/releases/2018-03-09/to.owl
CO_320:0000513	panicle branch arrangement	skos:exactMatch	TO:0002751	inflorescence branch arrangement	1	sssom:HumanCuration	04/05/2018	orcid:0000-0002-6379-8932|orcid:0000-0002-8461-9745	https://raw.githubusercontent.com/Planteome/CO_320-rice-traits/71090cc35c45e1b4b628c9256f2ab54949409b77/Rice_TD.csv	http://purl.obolibrary.org/obo/to/releases/2018-03-09/to.owl
CO_320:0000514	seeding date	skos:exactMatch	sssom:NoMapping		1	sssom:HumanCuration	04/05/2018	orcid:0000-0002-6379-8932|orcid:0000-0002-8461-9745	https://raw.githubusercontent.com/Planteome/CO_320-rice-traits/71090cc35c45e1b4b628c9256f2ab54949409b77/Rice_TD.csv	http://purl.obolibrary.org/obo/to/releases/2018-03-09/to.owl
CO_320:0000515	yellow dwarf	skos:exactMatch	TO:0000292	yellow dwarf disease resistance	1	sssom:HumanCuration	04/05/2018	orcid:0000-0002-6379-8932|orcid:0000-0002-8461-9745	https://raw.githubusercontent.com/Planteome/CO_320-rice-traits/71090cc35c45e1b4b628c9256f2ab54949409b77/Rice_TD.csv	http://purl.obolibrary.org/obo/to/releases/2018-03-09/to.owl